"Rakunan High School and Rakunan Junior High School are private junior and senior high schools, respectively, located in Minami-ku, Kyoto City."
"The organizers were Kogi Shingon Shukei 14 Honzan (Ninna-ji Temple, Hozan-ji Temple, Chogosonshi-ji Temple, Kaju-ji Temple, Daikaku-ji Temple, Daigo-ji Temple, Nakayama-dera Temple (Takarazuka City), Saidai-ji Temple (Nara City), To-ji Temple, Kiyoshikojin Seicho-ji Temple, Sennyu-ji Temple, Zentsu-ji Temple, Suma-dera Temple and Daihonzan Zuishin-in Temple); these temples run the school, and three sects (the Chisan Sect of Shingon, the Buzan Sect of Shingon, and New Shingon) cooperate with the program of educational promotion for Gakkohojin Shingon-shu Kyoto Gakuen."
"The school is located in To-ji Temple."
"The official names are 'Rakunan High School' and 'Junior High School of Rakunan High School'"
"The same educational foundation runs Shuchiin University as a four-year college."
"They carried out various school reforms, and in the 1980s they achieved record numbers of students who went on to the university level."
"The school offers many activities, including a basketball club, a volleyball club, a track-and-field club and a brass band."
"Mikkyo is an abbreviation for Himitsu Bukkyo, or esoteric Buddhism."
"Among Mikkyo believers it is also called Vajrayana, as opposed to Mahayana Buddhism and Hinayana."
"It identifies itself as Buddhism, but among scholars there is controversy as to whether Mikkyo is included in Buddhism or not."
"While in Mahayana Buddhism (exoteric Buddhism) dharma is preached broadly to people through words and texts, characteristically in Mikkyo a very mystical and symbolic dharma is transmitted by a master to a disciple within the sect."
"The reason that Tibetan Buddhism, which took over Indian Mikkyo, was previously called 'Lamaism' is due to the characteristic that a disciple believes his 'lama' absolutely at the time of transmittal."
"In the background of Mikkyo's establishment was such a social situation that Buddhism was oppressed as Hinduism flourished during the latter period of Indian Buddhism."
"Mikkyo tried to revive Indian Buddhism by incorporating the elements of Hinduism into Buddhism."
"The Kyoto National Museum is run by the National Institutes for Cultural Heritage."
"It is an institution for the collection, preservation and exhibition of cultural properties, mainly those of the Kyoto culture from the Heian through Edo periods."
"Additionally, special exhibitions are held at the museum two or three times each year."
"Among its exhibition halls, the main hall (Special Exhibition Hall) was designed by Tokuma KATAYAMA, a leading architect for the Imperial Household, and the new hall (the Collections Hall) was designed by Keichi MORITA, a professor emeritus at Kyoto University."
"Its collection includes 27 items designated as national treasures and 181 items designated as important cultural properties (as of March 2006)."
"For its buildings, the main hall, the front gate (main gate), the ticket office and sodebei (outside wall) were designated as important cultural properties in 1969 as ""the Former Imperial Museum of Kyoto,"" and the Technical Materials Center (Kyu Onshi Kyoto Hakubutsukan Chinretsuhin Shunoyo Soko) was designated as a national cultural facility in 2008."
"The following projects are under way: dismantlement of the Collections Hall (December 2008); the plan for construction of Centennial Hall for regular exhibitions (tentative name; designed by Yoshio TANIGUCHI, with construction work from January 31, 2009 and completion scheduled for March 31, 2013); the plan to build the South Gate Museum Shop (tentative name; designed by Yoshio TANIGUCHI, with construction work from July 1, 2008 and completion scheduled for January 31, 2009)."
"Tsukimi is to enjoy viewing the moon, such as the full moon."
"In a limited sense, it implies Tsukimi on the nights of August 15 (the fifteenth night) and September 13 (the thirteenth night) of the lunar calendar (old calendar)."
"See this reference table of August 15th (old calendar) for the corresponding date of the fifteenth night in the Gregorian calendar (new calendar)."
"Since ancient times, in August of the old calendar (around September in the newer Gregorian calendar), the air is dry and the moon is clearly seen, and it is not too cold even at night with lower humidity; this has been regarded as the best time of year for moon viewing."
"That night, an altar is set up in a place from which the moon is visible; it is decorated with Japanese pampas grass, and Tsukimi Dango dumplings, sato-imo (taro), edamame (green soybeans) or chestnuts are put out, and sake is offered, in which way people enjoy viewing the moon (moon-viewing dishes), such as in a Buddhist service for the full moon in order to pray for a good harvest."
"For this reason, it is also called Imo Meigetsu."
"China has a similar custom, but they celebrate in a greater way than Japan as the Mid-Autumn Festival, and moon cakes are made and offered."
"Arisugawa no miya was the name of the Miyake (house of an imperial prince) that existed long ago."
"Arisugawa no miya was called one of the four biggest hereditary Imperial Prince's families, along with Fushimi no miya, Katsura no miya and Kan-in no miya."
"The name of Arisugawa came from Prince Yoshihito, the originator of Fushimi no miya, since his name was also Arisugawa."
"The second prince, Nagahito, was enthroned and became Emperor Go-Sai."
"Arisugawa no miya had taught calligraphy and poetry to succeeding generations and had the trust of the Imperial Family; additionally, he had a close relationship with shogun families as there was a marriage relationship between them and they were close to both court nobles and samurai families."
"For generations the Arisugawa no miya used to send sons of the family, except for the eldest son, to Kan-ei-ji Temple in Ueno, Edo and to Chion-in Temple in Higashiyama, Kyoto, as imperial princes in holy orders, or so-called priest-princes."
"In 1625, Emperor Go-Yozei's seventh prince, Takamatsu no miya Yoshihito, established Arisugawa no miya."
"The Isshiki clan comprised a samurai family."
"The family was one of the branch families of the Ashikaga clan, a distinguished family among the Kawachi-Gen clan, which was one of the Seiwa-Genji (Seiwa Gen clan)."
"It was one of the Shishiki families (four administrators' families: Yamana, Isshiki, Akamatsu, Kyogoku) of the Muromachi bakufu (Japanese feudal government headed by a shogun) in the Muromachi era."
"The originator was Koshin ISSHIKI, a son of Yasuji ASHIKAGA."
"Because the family was started in Kira no sho Isshiki in Mikawa-no-kuni (present-day Isshiki-cho Hazu-gun Aichi Prefecture), they gave themselves the surname Isshiki."
"There is Isshikida as the same surname but with a different pronunciation."
"When the Muromachi bakufu was established, Noriuji ISSHIKI and Naouji ISSHIKI became Kyushu Tandai (local commissioners), but since they failed to get a result in war, the Isshiki clan became weaker."
"Located in the south of Kyoto Prefecture, Uji City is known for Uji tea and the Byodo-in Temple, which is registered on the World Heritage list."
"Land was reclaimed from the Ogura-ike (Ogura Pond) in the west of the city, and this is now used for farming as well as housing."
"646: Doto, a monk at the Gango-ji Temple, built the Uji Bridge."
"672: The Omi court ordered a hashimori (bridge guard) for the Uji Bridge to interfere with the transport of food for Prince Oamano."
"1052: FUJIWARA no Yorimichi built the Byodo-in Temple in Uji."
"1133: The Uji Rikyu Festival was first held."
"1180: Mochihito-o along with MINAMOTO no Yorimasa took up arms, fought against the Taira family at the Byodo-in Temple, and died in the battle."
"The shugo daimyo is a concept in Japanese history that refers to the shugo of the Muromachi period, who acquired not only the function of the military and law enforcement but also the economic power, and strengthened the territorial, pervasive control over a province."
"The provincial system governed by the shugo daimyo is called the 'shugo-ryogoku system.'"
"From the period of the late fifteenth to early sixteenth century, some daimyo became Sengoku daimyo (daimyo of the Sengoku, or 'Warring States' period) while other daimyo declined."
"The power of the shugo during the Kamakura period was prescribed by the legal code for the warrior class: their power was limited to the military and law enforcement, such as the 'Taibon-sankajo no kendan-sata' (three official authorities given to the shugo over criminal cases: the prodding of lower-ranking vassals to fulfill their duties as obanyaku, i.e., security guards, in Kyoto and Kamakura, the search and arrest of rebels and murderers) and the direction and supervision of obanyaku; the shugo was prohibited from participating in the administration of the kokuga and the kokuga's province, which the kokushi was authorized to perform."
"The shugo system of the Kamakura shogunate was inherited when the Muromachi shogunate was established."
"Initially, the power of the shugo was limited to the taibon-sankajo-no-kendan, just as it was in the Kamakura period, but in 1346 the Muromachi shogunate gave the shugo the authority to judge the case of the karita-rozeki and the authority of the shisetsu-jungyo to administer the country more stably."
"The karita-rozeki, an act of harvesting rice in the paddy field in order to claim the ownership of the land, occurred with the conflicts of land appropriation among samurai."
"Sagami (dates of birth and death unknown, 998? - after 1061) was a female poet in the early eleventh century, and one of the medieval 36 Immortal Poets."
"A poem collected in the Hyakunin Isshu (A Hundred Waka Poems) is well known as a love poem: 'The bitterness of your cold attitude makes me pain and cry; my sleeves, which are wet with tears and never dry themselves, remain without decaying as they are; but my reputation is down by superficial gossip about this romance; how frustrating!'"
"The identity of her real father is not known, but her mother was a daughter of YOSHISHIGE no Yasuakira, Governor of Noto Province."
"Her stepfather seems to have been Settsu-Genji MINAMOTO no Yorimitsu, Governor of Tajima Province."
"Her name given for the first time was Otojiju."
"Before 1020, she married OE no Kinyori, Governor of Sagami Province, and came to be called Sagami's wife."
"Although she accompanied her husband to his place of work in Sagami Province, their married life broke down, and they divorced soon after returning to Kyoto in 1024."
"Toshizo HIJIKATA (6th year of Tenpo, May 5th (Lunar Calendar)(May 31, 1835) - 2nd year of Meiji, May 11th (Lunar Calendar)(June 20, 1869)) was the vice commander of Shinsen-gumi, vice-minister of the Army for Ezo Republic, and also chief of the Court for Torishimari of Hakodate city."
"Was feared by all as the vice commander of Shinsen-gumi."
"He was born in Ishida village, Tama district, Musashi province (is now Ishida, Hino city, Tokyo)."
"(He has been said to be the youngest among 6 brothers and sisters, but materials discovered in recent years revealed that he was actually the youngest among 10 brothers and sisters.)"
"The HIJIKATA family was a wealthy farmer called ""Odaijin"" who had farmed on large stretches of land in the Tama region for generations."
"He lost his father before he was born and his mother at the age of 6, and he was brought up by his second oldest brother, Kiroku and Kiroku's wife."
"Until now, it has been said that he went to work at ""Matsuzakaya Ito Gofuku store"" (present-day Matsuzakaya Ueno store) in Ueno, Edo at the age of 11, but soon quarreled with the head clerk and returned to Hino; according to a newly published copy of Ninbetsu-cho of Ishida village it became clear that he was living in Ishida village when he was 11 years old, and therefore had not yet gone to work at the store."
"The Kintetsu Kyoto Line (Kintetsu Kyoto-sen) is a railway line of Kintetsu Corporation (Kintetsu) and it connects Kyoto Station located in Shimogyo Ward, Kyoto City, Kyoto Prefecture and Yamato-Saidaiji Station in Nara City, Nara Prefecture."
"It plays a vital role in urban transportation between the two cities of Kyoto and Nara, and as a means of transportation for residential areas and Kansai Science City along the line."
"In 1991 the West Japan Railway Company (JR West) got into the competition, beginning its operation between Kyoto Station and Nara Station on the JR Nara Line, which runs in parallel; however, the Kintetsu Kyoto Line is still dominant in terms of the number of trains operating."
"The company also undertakes operation from the center of Kyoto City to the Nara area through the Kyoto Municipal Subway Karasuma Line, as well as direct operation from Kyoto Station to Tenri Station and toward Kashiwarajingu-mae Station, thus allowing passengers to travel to their destinations without transferring."
"The section between Shin-Tanabe Station and Shin-Hosono Station runs parallel with the Katamachi Line of JR West."
"The cards interoperable with KANSAI THRU PASS, as well as J-Thru, PiTaPa and ICOCA, can be used."
"Number of stations: 26 (including the starting and final stations)"
"Oike-dori Street is one of the major east-west thoroughfares in Kyoto City."
"The street, which runs through the central part of Nakagyo Ward in central Kyoto City, has the widest section in the city from Kawabata-dori Street to the Horikawa-dori Street."
"The Tozai Line of Kyoto Municipal Subway/Kyoto City Subway runs below it."
"It corresponds to Sanjo-bomon-koji Street in Heiankyo."
"The 4.9-kilometer street, extending from Kawabata Street in the east to Tenjingawa-dori Street at Uzumasa in the west, is at one point bisected by Nijo Station."
"The place names of 'Oikenomachi,' 'Tatsuikecho' and 'Nijodencho' have remained around Karasuma Oike."
"The site of Nijodono, having this pond, was once a mansion owned by the Nijo family, which was originally the Nijo New Imperial Palace (Nijo Castle) built for Nobunaga ODA."
"Kami-goryo-jinja Shrine is located in Kamigyo Ward, Kyoto City."
"The name Kami-goryo-jinja Shrine corresponds to that of Shimo-goryo-jinja Shrine and its current formal name as a religious corporation is Goryo-jinja Shrine."
"The following eight deities known as ""Hassho-goryo"" are enshrined within the shrine."
"Karaishin (the above 6 aggressive souls and also known as SUGAWARA no Michizane)."
"Kibi-no-Otodo (also known as KIBI no Makibi and Kibi-no-shoryo)."
"There are various opinions regarding the deities of the Hassho-goryo and, in addition to those given above, Imperial prince Iyo (son of Emperor Kanmmu), Lady FUJIWARA (FUJIWARA no Yoshiko, mother of Imperial prince Iyo) and an administrative inspector (FUJIWARA no Nakanari) are also considered to be included."
"Aidono (subordinate altars) enshrine Saneoki OGURA, Kimitsura OGURA, Chunagon (vice-councilor of state) Tenji-no-tsubone and Noritomo OGURA, and a Wakamiya (subordinate shrine) enshrine Wako-myojin (SUGAWARA no Kazuko)."
"Oyamakuhi no kami is a Japanese deity."
"The god is also called Yamasue no onushi no kami."
"He is the son of Otoshi no Kami and Amenochikarumizu hime."
"The 'kuhi' of his name means pile, (heavy beam of timber) indicating that he is a deity who drives a pile of heavy timber into Oyama (""Big Mountain""), and the mountain's owner."
"According to the Kojiki (Records of Ancient Matters - Japan's oldest historical record), the deity is enshrined in Hieno-yama (later called and Mt. Hiei) and Matsuo, Kazuno District, and Narikabura is where the deity resides."
"Since Enryaku-ji Buddhist Temple of the Tendai sect was built on Mt. Hiei, the deity also came to be regarded as the guardian deity of the Tendai sect and Enryaku-ji Temple."
"The god is also called ""Sanno,"" the king of Mt. Hiei."
"In the Japanese aristocracy society, omandokoro is a title given to a mother based on an emperor's direction when her child was serving as the Sessho (the title of a regent given to who is named to assist an emperor when the emperor is still a child, or before coming of age, or when a female), or the Kanpaku - the title of a regent who assists an adult emperor."
"Usually, omandokoro refers to Hideyoshi TOYOTOMI's mother, Naka."
"Omandokoro was a woman who lived from the Sengoku Period (Period of Warring States - Japan) through the Azuchi-Momoyama Period (1513 - August 29, 1592)."
"Her formal name was Naka, and she gave birth to Hideyoshi TOYOTOMI, Hidenaga TOYOTOMI, Nisshu and Asahihime."
"Omandokoro is the abbreviation of the original term 'okitamandokoro,' and a honorific title given to a mother with a child serving as the sessho or kanpaku, and in a modern era, it is common to refer her (Juichii - Junior First Rank)."
"In 1513, she was born as the daughter of Kanesada SEKI who was running a forging shop and also in the samurai class in Gokiso-mura, Aichi-gun, Owari Province (Aichi Prefecture)."
"The Seki clan was a family who was engaged in the business of forging swords."
