"Rakunan High School and its affiliated junior high school (Rakunan High School and its affiliated junior high school) is a private junior high school and high school located in Minami Ward, Kyoto City (Kyoto City)."
"The institution is run by the Shingon Buddhism Kyoto Gakuen Educational Corporation, which is run by 14 head temples of the Ancient Shingon sect (Ninna-ji, Hosan-ji, Chogosonshi-ji, Kanshuji, Daikaku-ji, Daigo-ji, Nakayama-dera (Takarazuka City), Saidai-ji (Nara City), To-ji, Kiyoharajin Seicho-ji, Sennyuji, Zentsu-ji, Suma-dera and the head temple Zuishin-in) and cooperates in the promotion of education with the three schools of Shingon Buddhism, Chizan-ha, Buzan-ha, and Shingon Buddhism."
"The school is located within the grounds of Toji Temple."
"The official names are ""Rakunan High School"" and ""Rakunan High School Affiliated Junior High School."""
"Another university run by the same school corporation is Shuchiin University."
"The school implemented various school reforms and saw a rapid increase in the number of students going on to university since the 1980s."
"There are also many club activities such as basketball, volleyball, gymnastics, track and field, and brass band."
"Mikkyo is an abbreviation of Himitsubukkyo (Secret Buddhism)."
"In esoteric terminology, it is also called ""vajrayana"" (Vajrayana) in contrast to ""Mahayana"" (mahāyana) and ""Hinayana"" (hinayana)."
"Although it calls itself Buddhist, scholars are divided on whether esoteric Buddhism is included in Buddhism."
"While general Mahayana Buddhism (exoteric Buddhism) widely preaches its doctrines to the masses through words and writing, esoteric Buddhism is characterized by the fact that its highly mystical and symbolic doctrines are transmitted from master to master within the religious organization."
"Tibetan Buddhism, which inherited Indian Esoteric Buddhism, was once commonly referred to as ""Lamaism,"" reflecting the characteristic of absolute devotion to a ""master (lama)"" in the succession of masters."
"The background to the establishment of Esoteric Buddhism was the social situation in the later period of Indian Buddhism, where Buddhism was oppressed by the rise of Hinduism."
"Esoteric Buddhism attempted to revive Indian Buddhism by incorporating elements of Hinduism into Buddhism."
"Kyoto National Museum is a museum operated by the National Institutes for Cultural Heritage, an independent administrative institution."
"It collects, stores, and exhibits cultural assets, mainly relating to Kyoto culture from the Heian period through to the Edo period."
"In addition, special exhibitions are held two to three times a year."
"The exhibition hall consists of the main building (special exhibition hall) designed by Katayama Tokuma, an engineer at the Imperial Household Ministry's Interior Department, and the new building (permanent exhibition hall) designed by Morita Keiichi, professor emeritus at Kyoto University."
"The collection includes 27 national treasures and 181 important cultural properties (as of March 2006)."
"Furthermore, the building itself - the main building, front gate (main gate), ticket counter and sleeve wall - was designated as an Important Cultural Property of Japan in 1969 (Showa 44) as the ""Former Imperial Kyoto Museum,"" and the Technical Materials Reference Hall (former warehouse for storing display items at the Imperial Kyoto Museum) was registered as a National Tangible Cultural Property in 2008 (Heisei 20)."
"Plans are underway to demolish the current Permanent Exhibition Hall (scheduled for December 2008) and to build a Centennial Memorial Hall with permanent exhibition functions (tentative name, designed by Yoshio Taniguchi; construction scheduled to begin on January 31, 2009, with completion scheduled for March 31, 2013) and a South Gate Museum Shop (tentative name, designed by Yoshio Taniguchi; construction scheduled to begin on July 1, 2008, with completion scheduled for January 31, 2009)."
"Tsukimi is the act of enjoying the view of the moon, especially the full moon."
"In a narrow sense, it refers to the viewing of the moon on the night of August 15th (lunar calendar) (the 15th night) and September 13th (lunar calendar) (the 13th night) of the lunar calendar."
"For the corresponding date of the Full Moon in the Gregorian calendar (new calendar), see the August 15th (old calendar) comparison table here."
"Since ancient times, August (lunar calendar) (around September in the Gregorian calendar (new calendar)) has been considered the best time for moon viewing, as the air is dry, making the moon look vivid, and the humidity is low, making it not too cold even at night."
"On this night, altars are built in places where the moon can be seen, decorated with Japanese pampas grass, and topped with moon-viewing rice dumplings, taro, edamame, chestnuts, etc., and offerings of sake are made while gazing at the moon (moon-viewing cuisine), and a full-moon ceremony is held to pray for a good harvest."
"For this reason, it is also called Sweet Potato Moon."
"A similar custom exists in China, but the Mid-Autumn Festival is celebrated on a grander scale than in Japan, with mooncakes being made and offered as offerings."
"Arisugawanomiya was one of the Imperial families that once existed."
"Along with Fushiminomiya, Katsuranomiya, and Kan'innomiya, this is known as the fourth generation of imperial princely family."
"The name of the palace comes from the fact that Prince Yoshihito, the founder of the Fushiminomiya family, was also called Arisugawa."
"The second emperor, Prince Yoshihito, ascended to the throne and became Emperor Go-Sai."
"The Arisugawa family had served as masters of calligraphy and waka poetry for many generations and were highly trusted by the Imperial family. They also married into the Shogun family and had close ties with both the Imperial Court and the military."
"Furthermore, for generations, the family had allowed their second sons and younger brothers to enter temples such as Kan'ei-ji Temple in Ueno, Edo, and Chion-in Temple in Higashiyama, Kyoto, as head priests."
"It was founded in 1625 by Emperor Goyozei's seventh son, Prince Takamatsu Yoshihito."
"The Isshiki clan was one of the samurai families."
"The family is a prestigious branch of the Kawachi Genji, a branch of the Seiwa Genji clan, and one of the branches of the Ashikaga clan."
"During the Muromachi period, it was counted as one of the four artisan families of the Muromachi shogunate."
"The family traces its roots back to Isshiki Kintan, the son of Ashikaga Yasuuji."
"The family took the surname Isshiki because it originated from Kira-sho Isshiki in Mikawa Province (present-day Isshiki Town, Hazu District, Aichi Prefecture)."
"Another name with the same pronunciation is Isshikida."
"When the Muromachi shogunate was founded, Isshiki Noriuji and Isshiki Naoji became Kyushu Tandai, but they were not successful in battle, and the Isshiki clan temporarily went into decline."
"Uji City is located in the southern part of Kyoto Prefecture and is known for Byodo-in Temple, a World Heritage Site, and Uji tea."
"To the west is the Oguraike reclamation area, which is now farmland and residential area."
"In 646, the monk Doto of Gangoji Temple built the Uji Bridge."
"672: The Omi Court ordered the Uji Bridge Keeper to sabotage Prince Oama's private food transport."
"1052 Fujiwara no Yorimichi builds Byodoin Temple in Uji"
"1133 The Uji Imperial Villa Festival is held."
"In 1180, Emperor Mochihito joined forces with Minamoto no Yorimasa to raise an army, and was killed in battle against the Taira forces at Byodo-in Temple."
"Shugo daimyo is a concept in Japanese history that represents the Shugo of the Muromachi period, who acquired not only military and police powers but also economic powers, strengthening their territorial and global control over their own provinces."
"The system in which shugo daimyo ruled over their territories was called the shugo domain system."
"From the late 15th century to the early 16th century, some of them became Sengoku daimyo, while others fell into decline."
"The powers of the Shugo during the Kamakura period were stipulated in the Goseibai Shikimoku (Code of Punishment), which was limited to military and police matters such as investigation into three major crimes (requiring the vassals to perform their duties as guards in Kamakura and Kyoto, searching for and arresting rebels, and searching for and arresting murderers) and commanding and supervising the guards, and they were prohibited from interfering with the administration of the kokuga (provincial government offices) and the control of the kokugaryo (provincial territories), which were the powers of the kokushi (provincial governors)."
"When the Muromachi Shogunate was established, it inherited the shugo system of the Kamakura Shogunate."
"Initially, the authority of the Shugo was limited to investigating and prosecuting three major crimes, as in the Kamakura period, but in order to further stabilize domestic governance, in 1346 (Teiwa 2) the shogunate added the authority to investigate and prosecute crimes related to the fields of violence and the right to enforce the execution of envoys to the Shugo's authority."
"Karita rozai was the violent practice of harvesting rice from fields to assert ownership of the land, and arose as a result of territorial disputes between samurai."
"Sagami (years of birth and death unknown, around 998? - possibly after 1061) was a female poet in the early 11th century, and one of the Thirty-six Immortal Poets of the Middle Ages."
"The poem ""I cannot atone for my grudge, for I have nothing but my sleeves, and I am filled with love, to which I profess a regrettable name,"" included in the Hyakunin Isshu, is a famous love poem."
"His biological father is unknown, and he was born to the daughter of Noto no Kami Yoshishige Yasuaki."
"She was the adopted daughter of Minamoto no Yorimitsu, the governor of Tajima, who was likely her stepfather."
"His original name was Otojiju."
"Sometime before 1020, she was married to Sagami no Kami Oe Kinsuke and came to be known by the name of Sagami no Nyobo."
"Although she accompanied her husband to his post in Sagami Province, their marriage fell apart, and she separated from Kimisuke shortly after returning to Kyoto in 1024."
"Toshizo Hijikata (May 5, 1835 (lunar calendar) - May 11, 1869 (lunar calendar)) was the vice-commander of the Shinsengumi, the magistrate of the Ezo Republic Army, and head of the Hakodate City Central Inspection and Judicial Bureau."
"He was feared by everyone as the vice-commander of the Shinsengumi demons."
"He was born in Ishida Village, Tama County, Musashi Province (present-day Ishida, Hino City, Tokyo)."
"(He was thought to be the youngest of six siblings, but recent discoveries have revealed that he was in fact the youngest of ten siblings.)"
"The Hijikata family was a lineage of wealthy farmers spread across the Tama region and were known as ""O-daijin,"" or large farmers."
"He lost his father before he was born, and then his mother when he was six years old, so he was raised by his second brother, Kiroku, and his wife."
"It had previously been reported that at the age of 11, he went to work as a servant at the Matsuzakaya Ito Kimono Shop (now the Matsuzakaya Ueno store) in Ueno, Edo, but soon got into a fight with the head clerk and returned to Hino. However, the recently released family register of Ishida village has revealed that he was living in Ishida village when he was 11 years old (by Japanese reckoning), and was not working as a servant."
"The Kyoto Line is a railway line operated by Kintetsu Railway that runs from Kyoto Station in Shimogyo Ward, Kyoto City, Kyoto Prefecture to Yamato-Saidaiji Station in Nara City, Nara Prefecture."
"It provides intercity transportation between Kyoto and Nara, as well as transport to residential areas along the line and the Kansai Cultural and Academic Research City."
"Since 1991, West Japan Railway Company (JR West) has also operated rapid trains on the parallel JR Nara Line between Kyoto and Nara, but the Kintetsu Kyoto Line still has the advantage in terms of the number of trains it operates."
"In addition, the Kyoto Municipal Subway Karasuma Line operates direct trains from central Kyoto to Nara, and from Kyoto to Tenri Station and Kashihara-Jingu-mae Station, making it possible to travel on a single train without having to transfer."
"Between Shin-Tanabe and Shin-Hosono, the line runs parallel to JR West's Katamachi Line."
"Surutto KANSAI compatible cards, J-Through, PiTaPa, and ICOCA can be used."
"Number of stations: 26 (including starting and ending stations)"
"Oike-dori is one of the main east-west streets in Kyoto City."
"It crosses the center of Nakagyo Ward, located in the heart of Kyoto City, and the section between Kawabata-dori and Horikawa-dori is the widest street in the city."
"The Kyoto Municipal Subway Tozai Line runs through the area."
"It corresponds to Sanjo-Bomon-koji in Heian-kyo."
"It stretches for 4.9 kilometers from Kawabata-dori in the east to Tenjingawa-dori in Uzumasa in the west, but is divided at Nijo Station."
"Even today, place names such as ""Oike-no-cho,"" ""Tatsuike-cho,"" and ""Nijodono-cho"" remain near Karasuma Oike."
"The Nijodono site, including the pond, is the former residence of the Nijo family and is also the site of Oda Nobunaga's ""Nijo Shingosho (Nijo Castle)."""
"Kamigoryo Shrine is a shrine located in Kamigyo Ward, Kyoto City."
"The name of the shrine, Kamigoryo Shrine, corresponds to Shimogoryo Shrine, and its official name as a religious corporation is now ""Goryo Shrine."""
"The current enshrined deities are the following eight, known as the ""Yashogoryo."""
"Fire and Thunder God (these are the six fierce spirits. Also known as Sugawara no Michizane)"
"Minister of Kibi (Kibi no Makibi, also known as Kibi no Seirei)"
"There are various theories about the identity of the eight spirits, and in addition to those mentioned above, they are also said to be Prince Iyo (son of Emperor Kanmu), Lady Fujiwara (mother of Prince Iyo, Fujiwara no Yoshiko), and the inspector (possibly Fujiwara no Nakanari)."
"The co-shrine enshrines Ogura Michiki, Ogura Kimihira, Middle Counselor Norimichi no Tsubone, and Ogura Suehan, and the young shrine enshrines Wako Myojin (Sugawara Kazuko)."
"Oyamakui-no-Kami (Ooyamakui no Kami, Ohoyamakuhi no Kami) is a Japanese god."
"Also known as Yamasue no Oonushi no Kami."
"He is the son of Ootoshi-no-kami and Amenochikarumizu-hime."
"The name ""kui"" (kuhi) means stake, and refers to a god who drives stakes into Mt. Oyama, that is, a god who is the owner of a large mountain."
"The Kojiki records that it is enshrined on Mount Hie (later Mount Hiei) in Omi Province and at Matsuo in Kazuno, and that the nakiyabura is its sacred object."
"After the Tendai sect's Enryaku-ji Temple was built on Mount Hiei, he was also regarded as the guardian deity of the Tendai sect and Enryaku-ji Temple."
"He is also called Sannou, meaning King of Mount Hiei."
"In Japanese aristocratic society, this title was given by imperial decree to the mother of a regent or chancellor."
"Generally, it refers to Toyotomi Hideyoshi's mother, Naka."
"Omandokoro (1513 - August 29, 1592) was a woman from the Sengoku period (Japan) and the Azuchi-Momoyama period."
"Her real name was Naka, and she was the mother of Toyotomi Hideyoshi, Toyotomi Hidenaga, Hihide, and Princess Asahi."
"O-mandokoro is originally an abbreviation of 'Okita no Mandokoro', an honorific given to the mother of a regent or chancellor, but in modern times it is mainly used to refer to her specifically (Junior First Rank)."
"She was born in 1513 in Gokiso Village, Aichi County, Owari Province (Aichi Prefecture) as the daughter of Seki Kanekazu, a samurai who ran a blacksmith shop."
"The Seki clan is a family of swordsmiths."
