"Rakunan High School is a private junior high school and high school located in Minami-ku, Kyoto, Japan."
"The establishment is the 14 main temples of the Kogi Shingon sect (Ninna-ji, Hozan-ji, Asago Abiko-ji, Sōshū-ji, Daikaku-ji, Daigo-ji, Nakasen-ji (Takarazuka City), Saidai-ji (Nara City), To-ji, Kiyoarajin Kiyosumi-ji, Senchū-ji, Zentsu-ji, Suma-ji, and Omotoyama Soshin-in), and the three sects of Shingon Buddhism, Chizan sect, Shingon sect Toyoyama sect, and Shingi Shingon sect cooperate in the promotion of education."
"The school is located within the precincts of Toji Temple."
"The official name is ""Rakunan High School"" and ""Rakunan High School Attached Junior High School""."
"Tanechiin University is a university run by the same educational corporation."
"Various school reforms were carried out, and the number of students who went on to university increased rapidly from the 1980s."
"There are also many club activities such as basketball, volleyball, gymnastics, track and field, and brass band."
"Esoteric Buddhism is an abbreviation for secret Buddhism."
"In esoteric Buddhist terminology, it is also called ""Vajrayāna"" as opposed to Mahayana (mahāyāna) and Hinayana (hīnayāna)."
"Although it claims to be Buddhism, scholars disagree as to whether esoteric Buddhism is included in Buddhism."
"While ordinary Mahayana Buddhism (Kenkyo) preaches doctrines to the masses in words and letters, esoteric Buddhism is characterized by the fact that it transmits extremely mystical and symbolistic doctrines through the inheritance of masters within the sect."
"Tibetan Buddhism, which inherited Indian esoteric Buddhism, was once colloquially called ""Lamaism"" because it captured the characteristic of absolute devotion to the ""Lama (Lama)"" in the succession of teachers."
"The background to the establishment of esoteric Buddhism is the social situation in which Buddhism was oppressed by the rise of Hinduism in the late period of Indian Buddhism."
"Esoteric Buddhism sought to revive Indian Buddhism by incorporating elements of Hinduism into Buddhism."
"Kyoto National Museum is a museum operated by the National Institute for Cultural Properties."
"It collects, stores, and exhibits cultural properties centered mainly on the culture of Kyoto from the Heian period to the Edo period."
"In addition, special exhibitions are held 2~3 times a year."
"There are two exhibition halls: the main building (special exhibition hall) designed by Katayama Tokuma, a master dormitory engineer in the Imperial Household Province, and the new building designed by Keiichi Morita, professor emeritus of Kyoto University."
"The collection includes 27 National Treasures and 181 Important Cultural Properties (as of March 2006)."
"In addition, the building itself, the main building, the main gate (main gate), the bill office and the sleeve wall were designated as important cultural properties of the country as the ""Former Imperial Kyoto Museum"" in 1969 (Showa 44), and the Technical Materials Reference Museum (warehouse for storing the display items of the former Onshi Kyoto Museum) was registered as a national registered tangible cultural property in 2008 (Heisei 20)."
"Demolition of the current Normal Exhibition Hall (scheduled for December 20) and the Centennial Memorial Hall with a normal exhibition function (tentative name, designed by Yoshio Taniguchi, scheduled to start construction on January 31, 21, scheduled to be completed on March 31, 25) and the South Gate Museum Shop (tentative name, designed by Yoshio Taniguchi, scheduled to start construction on July 1, 20, scheduled to be completed on January 31, 21) are underway."
"Tsukimi is to enjoy looking at the moon, such as the full moon."
"In a narrow sense, it refers to the moon viewing on the nights of August 15 (lunar calendar) (fifteenth night) and September 13 (lunar calendar) (thirteenth night) of the lunisolar calendar (lunar calendar)."
"The corresponding day in the Gregorian calendar (new calendar) of the fifteenth night is August 15 (old calendar) comparison table here."
"Since ancient times, August (the lunar calendar) (around September in the Gregorian calendar) has been considered the best time to see the moon because the air is dry and the moon can be seen vividly, and the humidity is low and it is not so cold at night."
"On this night, we made an altar in a place where the moon could be seen, decorated it with pampas grass, served moon viewing dumplings, taro, edamame, chestnuts, etc., offered sake and looked at the moon (moon viewing dish), and prayed for a good harvest."
"For this reason, it is also called Imo Natsuki."
"There is a similar custom in China, but as the Mid-Autumn Festival, mooncakes are made and offered on a grand scale than in Japan."
"Arisugawa Palace is one of the palace houses that once existed."
"Along with Fushimi Palace, Katsura Palace, and Kanin Palace, it is said to be the fourth hereditary royal family."
"The origin of the name Miya is derived from the fact that Prince Eihito, the founder of the Fushimi family, also called it the Arisu River."
"The second Prince Yoshihito ascended the throne and became Emperor Gosai."
"The Arisugawa family served as teachers of calligraphy and singing for successive generations, was highly trusted by the Imperial Family, had a marriage relationship with the Shogun family, and was close to both the public and the military."
"In addition, for generations, children of the second son and younger were admitted to Kaneiji Temple in Edo Ueno and Chion-in Temple in Higashiyama, Kyoto."
"In the 2nd year of Kanei (1625), it was founded by Prince Takamatsunomiya Yoshihito, the seventh prince of Emperor Goyosei."
"The Isshiki clan is one of the samurai families."
"The family is one of the prestigious Ashikaga clans of the Seiwa Gen clan, the Kawachi Gen clan."
"During the Muromachi period, it was counted as one of the four families of the Muromachi shogunate."
"He is the ancestor of Ashikaga Yasushi's son, Isshiki Kōsou."
"Since it originated from Kiraso Isshiki in Mikawa Province (present-day Isshiki Town, Hatome District, Aichi Prefecture), he took the surname Isshiki."
"There is Isshikita in the same surname."
"When the Muromachi shogunate was established, Isshiki Nori and Isshiki Nao were assigned to explore Kyushu, but the results of the war did not improve, and Isshiki declined temporarily."
"Uji City is located in the southern part of Kyoto Prefecture and is a city known for its Byodo-in Temple, which is also a World Heritage Site, and Uji tea."
"On the west side is the Ogura Pond polder, which is now farmland and a residential area."
"646 Motokoji monk Michito builds the Uji Bridge"
"672 Omi Dynasty orders Ujihashi Mamoru to interfere with the private transportation of Prince Okaito"
"1052 Fujiwara Yorimichi establishes Byodo-in Temple in Uji"
"1133 Uji Rikyu Festival is held"
"1180 King Ihito joins forces with Minamoto Yorimasa to raise an army, and is killed in battle against the Heike army at Byodo-in"
"Shugodaimyo is a concept in Japan history that represents the guardianship of the Muromachi period, which acquired not only military and police power but also economic power, and strengthened territorial and circular control within a country."
"The system of territorial control by the guardian daimyo is called the protectorate system."
"Around the late 15th century ~ the beginning of the 16th century, some became Sengoku daimyo, and some fell into disrepair."
"In the Kamakura period, the authority of the guardian was stipulated in the Gosei Shikime, and it was limited to the military and police aspects of the inspection of the three major crimes (the duties of the imperial family to call for the role of daiban in Kamakura and Kyoto, search and arrest of rebels, search and arrest of murderers) and the command and supervision of the role of daiban, and it was forbidden to be involved in the administration of the state and the control of the national territory, which was the authority of the kokuji."
"When the Muromachi shogunate was established, it inherited the guardianship system of the Kamakura shogunate."
"Initially, the authority of the guardian was limited to the inspection of the three major crimes, as in the Kamakura period, but in order to further stabilize domestic governance, in 1346 (Sadaiwa 2) the shogunate added the right of inspection of Karita and the right of observance of envoys to the authority of the guardian."
"Karita was the use of force to harvest rice in a field in order to claim ownership of land, and it arose in connection with territorial disputes between samurai."
"Sagami (Sagami, year of birth and death unknown, around the 4th year of Chotoku (998?) - 1061 onwards) was a female poet of the early 11th century, one of the Thirty-Six Poets."
"""Resentment Wabi Hosanu no Koi ni"
"His biological father is unknown, and he was born as a mother the daughter of Noto Mori Kei Shigehosho."
"- The adopted daughter of Settsu Genji and Tajima Morigen Yorimitsu, who is supposed to be her stepfather."
"His first name was Otoju."
"Before the fourth year of Hirohito (1020), she was married to Sagami Mori Oe Kōsuke, and came to be called by the name of Sagami's wife."
"Although she accompanied her husband to Sagami Province, her marriage broke down, and shortly after returning to Tokyo in the first year of Manju (1024), she separated from the public fund."
"Toshizo Hijikata (Hijikata Toshizo), May 5, 1835 (May 31, 1835) – May 11, Meiji 2 (old calendar) (June 20, 1869)) was the deputy chief of the Shinsengumi and the head of the Ezo Republic Army Magistrate and the head of the Hakodate City Central Enforcement Trial Bureau."
"He was feared by everyone as the deputy chief of the Shinsengumi Oni."
"Born in Ishida Village, Tama District, Musashi Province (present-day Ishida, Hino City, Tokyo)."
"(He was thought to be the youngest of six siblings, but recently discovered documents have revealed that he was actually the youngest of ten siblings.) )"
"The Hijikata family was a large peasant family called ""Oozumi"" in a family of rich farmers spread throughout the Tama region."
"He lost his father before he was born, and when he was 6 years old, he lost his mother and was raised by his second brother, Mr. and Mrs. Kiroku."
"It has been reported that at the age of 11, he went to work at the ""Matsuzakaya Ito Kure Clothing Store"" (now the Matsuzakaya Ueno store) in Edo Ueno, and immediately quarreled with the head of the guard, and returned to Hino, but according to the recently released Ishida Village Separate Book of Employees, it was found that he lived in Ishida Village at the age of 11 and did not go to work."
"The Kyoto Line is a railway line of the Japan Railway (Kintetsu) that runs from Kyoto Station in Shimogyo-ku, Kyoto, Kyoto Prefecture to Yamato-Seidaiji Station in Nara City, Nara Prefecture, Japan."
"It is responsible for intercity transportation between Kyoto and Nara City, residential areas along the railway, and Kansai Cultural and Academic Research City."
"Since 1991, West Japan Railway Company (JR West Japan) has also been competing by operating rapid trains between Kyoto ~ Nara on the parallel JR Nara Line, but the Kintetsu Kyoto Line still dominates due to the large number of trains."
"In addition, there is a direct run from central Kyoto City to Nara via the Kyoto Municipal Subway Karasuma Line, and from Kyoto to Tenri Station and Kashihara Jingumae Station, so you can go by one train without changing trains."
"The Shintanabe ~ Shinjoen section runs parallel to JR Japan's Katamachi Line."
"You can use KANSAI compatible cards, J-Through, PiTaPa, and ICOCA."
"Number of stations: 26 stations (including starting and ending stations)"
"Oike-dori is one of the main east-west streets of Kyoto City."
"It crosses the central part of Nakagyo-ku, which is located in the center of Kyoto City, and the Kawabata-dori - Horikawa-dori section is the widest street in Kyoto City."
"The Kyoto Municipal Subway Tozai Line of the Kyoto Municipal Subway runs there."
"It corresponds to Sanjo Bomon Koji in Heiankyo."
"It is 4.9 kilometers from Kawabata-dori in the east to Tenjingawa-dori in Uzumasa in the west, but it is divided by Nijo Station on the way."
"Even now, in the vicinity of Karasuma Oike, the place names ""Oikeno-cho"", ""Ryuike-cho"", and ""Nijo-dono-cho"" remain."
"The land of Nijo-den, including the pond, is the ruins of the Nijo family's residence and is also the hometown of Oda Nobunaga's ""Nijo New Imperial Palace (Nijo Castle)""."
"Kamigoryōjinja is a Shinto shrine located in Kamigyo-ku, Kyoto, Japan."
"The name of the shrine corresponds to the lower Gorei Shrine, and the official name of the religious corporation is now ""Mirei Shrine""."
"The current deities are the following eight pillars, and are called the ""Eight Places of Spirits""."
"The God of Fire and Thunder (The Six Pillars of the Wild Soul. Michima Sugawara)"
"Minister Kibi (Kibi Mabi. It is also called Kibi Holy Spirit.)"
"There are various theories about the contents of the Haksho Spirit, and in addition to the above, it is sometimes said that he is Prince Iyo (son of Emperor Kammu), Mrs. Fujiwara (Yoshiko Fujiwara, mother of Prince Iyo), and an envoy of observation (Fujiwara Nakanari)."
"Ogura Miki, Ogura Koren, Nakanogen Waiting Bureau, and Ogura Kiban are enshrined in the Aiden, and Wako Myojin (Sugawara Kazuko) is enshrined in Wakamiya."
"Ōyama Kōjin (大山咋神, Ōyamakuikami) is the god of Japan."
"Also known as Yamasue no Ōnushi kami."
"He is the son of Ōnen and Ameno Chikar Mizuhime."
"The name ""kui"" means a stake, which means the god who drives a stake into a large mountain, that is, the god of the owner of a large mountain."
"In the Kojiki, it is stated that it is enshrined on Mt. Hieda (later Mt. Hiei) in Omi Province and Matsuo in Kazuno, and that the Naruchi is the deity."
"After the establishment of the Enryakuji Temple of the Tendai sect on Mt. Hiei, he was also regarded as the guardian deity of the Tendai sect and Enryakuji."
"He is also called Mr./Ms. in the sense of the king of Mount Hiei."
"In the aristocratic society of Japan, the name given to the mother of the regent Sekihaku by the emperor's proclamation."
"In general, it refers to Toyotomi Hideyoshi's mother, Naka."
"Ōmanjō (大政所, Ōmangoro, Eisho 10 (1513) – Tensho 20, July 22 (lunar calendar) (August 29, 1592)) was a woman of the Azuchi-Momoyama period of the Sengoku period (Japan)."
"Her real name is Naka, and she is the birth mother of Toyotomi Hideyoshi, Toyotomi Hidenaga, Hihide, and Princess Asahi."
"Daiseisho was originally an abbreviation for ""Daihoku Seisho"" and is an honorific title for the mother of a person who is in the position of regent or sekihaku, but in modern times, it is mainly used to refer to one person (subordinate rank)."
"In the 10th year of Eisho (1513), she ran a blacksmith shop in Gokisho Village, Aichi District, Owari Province (Aichi Prefecture), and is said to have been born as the daughter of a member of the samurai family."
"The Seki clan is a swordsmith family."
